<step title="BackgroundTrace" date="2025-11-17T22:10:29.625" instance="cadad9" url="/api/zipdeploy" method="POST" >
  <step title="Creating temporary deployment - FetchDeploymentManager" date="2025-11-17T22:10:30.037" /><!-- duration: 3ms -->
  <step title="Creating temporary deployment" date="2025-11-17T22:10:30.045" /><!-- duration: 86ms -->
  <step title="Performing fetch based deployment" date="2025-11-17T22:10:30.181" >
    <step title="Cleaning up temp folders from previous zip deployments and extracting pushed zip file /tmp/zipdeploy/64f917a2-b1b8-4002-b3f1-f06277a916b5.zip (0.66 MB) to /tmp/zipdeploy/extracted" date="2025-11-17T22:10:31.527" >
      <step title="ChmodRecursive Process exited with total time taken in ms: 173" date="2025-11-17T22:10:31.969" /><!-- duration: 9ms -->
    </step><!-- duration: 455ms -->
    <step title="Deployment timer started" date="2025-11-17T22:10:33.994" >
      <step title="DeploymentManager.Deploy(id:9dbe9957-940b-487e-9149-8d8b2b90c709)" date="2025-11-17T22:10:34.007" >
        <step title="Collecting changeset information" date="2025-11-17T22:10:34.044" /><!-- duration: 143ms -->
        <step title="Updating submodules" date="2025-11-17T22:10:34.194" /><!-- duration: 1207ms -->
        <step title="Determining deployment builder" date="2025-11-17T22:10:35.673" >
          <step title="Builder is BasicBuilder" date="2025-11-17T22:10:35.683" /><!-- duration: 3ms -->
        </step><!-- duration: 17ms -->
        <step title="PreDeployment: context.CleanOutputPath False" date="2025-11-17T22:10:35.737" >
          <step title="PreDeployment: context.OutputPath /home/site/wwwroot" date="2025-11-17T22:10:35.891" >
            <step title="Building" date="2025-11-17T22:10:36.034" >
              <step title="Executing external process" date="2025-11-17T22:10:36.395" type="process" path="starter.sh" arguments="/opt/Kudu/Scripts/parallel_rsync.sh /tmp/zipdeploy/extracted /home/site/wwwroot 8 /tmp/ False True  " /><!-- duration: 7802ms -->
              <step title="Triggering recycle (preview mode disabled)." date="2025-11-17T22:10:44.625" /><!-- duration: 19ms -->
              <step title="Modified file to trigger a restart of the app container." date="2025-11-17T22:10:44.722" /><!-- duration: 10ms -->
              <step title="Skip function trigger and logicapp sync because sku (Standard) is not dynamic (consumption plan)." date="2025-11-17T22:10:44.781" /><!-- duration: 24ms -->
            </step><!-- duration: 10051ms -->
          </step><!-- duration: 10222ms -->
          <step title="Cleaning up temp files" date="2025-11-17T22:10:46.123" /><!-- duration: 49ms -->
          <step title="Cleaning up temp files" date="2025-11-17T22:10:46.189" /><!-- duration: 518ms -->
          <step title="Reloading status file with latest updates" date="2025-11-17T22:10:46.831" >
            <step title="WebHooksManager.PublishEventAsync: PostDeployment" date="2025-11-17T22:10:46.844" /><!-- duration: 655ms -->
          </step><!-- duration: 689ms -->
          <step title="Cleaning up temporary deployment - fetch deployment was successful" date="2025-11-17T22:10:47.525" /><!-- duration: 21ms -->
        </step><!-- duration: 11898ms -->
      </step><!-- duration: 13668ms -->
